{
  "sources": [
    {
      "type": "paletted_permutations",
      "textures": [
        "trims/models/armor/coast",
        "trims/models/armor/coast_leggings",
        "trims/models/armor/sentry",
        "trims/models/armor/sentry_leggings",
        "trims/models/armor/dune",
        "trims/models/armor/dune_leggings",
        "trims/models/armor/wild",
        "trims/models/armor/wild_leggings",
        "trims/models/armor/ward",
        "trims/models/armor/ward_leggings",
        "trims/models/armor/eye",
        "trims/models/armor/eye_leggings",
        "trims/models/armor/vex",
        "trims/models/armor/vex_leggings",
        "trims/models/armor/tide",
        "trims/models/armor/tide_leggings",
        "trims/models/armor/snout",
        "trims/models/armor/snout_leggings",
        "trims/models/armor/rib",
        "trims/models/armor/rib_leggings",
        "trims/models/armor/spire",
        "trims/models/armor/spire_leggings"
      ],
      "palette_key": "trims/color_palettes/trim_palette",
      "permutations": {
        "stone": "super_trim:trims/color_palettes/stone",
        "granite": "super_trim:trims/color_palettes/granite",
        "polished_granite": "super_trim:trims/color_palettes/polished_granite",
        "diorite": "super_trim:trims/color_palettes/diorite",
        "polished_diorite": "super_trim:trims/color_palettes/polished_diorite",
        "andesite": "super_trim:trims/color_palettes/andesite",
        "polished_andesite": "super_trim:trims/color_palettes/polished_andesite",
        "deepslate": "super_trim:trims/color_palettes/deepslate",
        "cobbled_deepslate": "super_trim:trims/color_palettes/cobbled_deepslate",
        "polished_deepslate": "super_trim:trims/color_palettes/polished_deepslate",
        "calcite": "super_trim:trims/color_palettes/calcite",
        "tuff": "super_trim:trims/color_palettes/tuff",
        "dripstone_block": "super_trim:trims/color_palettes/dripstone_block",
        "grass_block": "super_trim:trims/color_palettes/grass_block",
        "dirt": "super_trim:trims/color_palettes/dirt",
        "coarse_dirt": "super_trim:trims/color_palettes/coarse_dirt",
        "podzol": "super_trim:trims/color_palettes/podzol",
        "rooted_dirt": "super_trim:trims/color_palettes/rooted_dirt",
        "mud": "super_trim:trims/color_palettes/mud",
        "crimson_nylium": "super_trim:trims/color_palettes/crimson_nylium",
        "warped_nylium": "super_trim:trims/color_palettes/warped_nylium",
        "cobblestone": "super_trim:trims/color_palettes/cobblestone",
        "oak_planks": "super_trim:trims/color_palettes/oak_planks",
        "spruce_planks": "super_trim:trims/color_palettes/spruce_planks",
        "birch_planks": "super_trim:trims/color_palettes/birch_planks",
        "jungle_planks": "super_trim:trims/color_palettes/jungle_planks",
        "acacia_planks": "super_trim:trims/color_palettes/acacia_planks",
        "dark_oak_planks": "super_trim:trims/color_palettes/dark_oak_planks",
        "mangrove_planks": "super_trim:trims/color_palettes/mangrove_planks",
        "crimson_planks": "super_trim:trims/color_palettes/crimson_planks",
        "warped_planks": "super_trim:trims/color_palettes/warped_planks",
        "oak_sapling": "super_trim:trims/color_palettes/oak_sapling",
        "spruce_sapling": "super_trim:trims/color_palettes/spruce_sapling",
        "birch_sapling": "super_trim:trims/color_palettes/birch_sapling",
        "jungle_sapling": "super_trim:trims/color_palettes/jungle_sapling",
        "acacia_sapling": "super_trim:trims/color_palettes/acacia_sapling",
        "dark_oak_sapling": "super_trim:trims/color_palettes/dark_oak_sapling",
        "mangrove_propagule": "super_trim:trims/color_palettes/mangrove_propagule",
        "bedrock": "super_trim:trims/color_palettes/bedrock",
        "sand": "super_trim:trims/color_palettes/sand",
        "red_sand": "super_trim:trims/color_palettes/red_sand",
        "gravel": "super_trim:trims/color_palettes/gravel",
        "coal_ore": "super_trim:trims/color_palettes/coal_ore",
        "deepslate_coal_ore": "super_trim:trims/color_palettes/deepslate_coal_ore",
        "iron_ore": "super_trim:trims/color_palettes/iron_ore",
        "deepslate_iron_ore": "super_trim:trims/color_palettes/deepslate_iron_ore",
        "copper_ore": "super_trim:trims/color_palettes/copper_ore",
        "deepslate_copper_ore": "super_trim:trims/color_palettes/deepslate_copper_ore",
        "gold_ore": "super_trim:trims/color_palettes/gold_ore",
        "deepslate_gold_ore": "super_trim:trims/color_palettes/deepslate_gold_ore",
        "redstone_ore": "super_trim:trims/color_palettes/redstone_ore",
        "deepslate_redstone_ore": "super_trim:trims/color_palettes/deepslate_redstone_ore",
        "emerald_ore": "super_trim:trims/color_palettes/emerald_ore",
        "deepslate_emerald_ore": "super_trim:trims/color_palettes/deepslate_emerald_ore",
        "lapis_ore": "super_trim:trims/color_palettes/lapis_ore",
        "deepslate_lapis_ore": "super_trim:trims/color_palettes/deepslate_lapis_ore",
        "diamond_ore": "super_trim:trims/color_palettes/diamond_ore",
        "deepslate_diamond_ore": "super_trim:trims/color_palettes/deepslate_diamond_ore",
        "nether_gold_ore": "super_trim:trims/color_palettes/nether_gold_ore",
        "nether_quartz_ore": "super_trim:trims/color_palettes/nether_quartz_ore",
        "ancient_debris": "super_trim:trims/color_palettes/ancient_debris",
        "coal_block": "super_trim:trims/color_palettes/coal_block",
        "raw_iron_block": "super_trim:trims/color_palettes/raw_iron_block",
        "raw_copper_block": "super_trim:trims/color_palettes/raw_copper_block",
        "raw_gold_block": "super_trim:trims/color_palettes/raw_gold_block",
        "amethyst_block": "super_trim:trims/color_palettes/amethyst_block",
        "budding_amethyst": "super_trim:trims/color_palettes/budding_amethyst",
        "iron_block": "super_trim:trims/color_palettes/iron_block",
        "copper_block": "super_trim:trims/color_palettes/copper_block",
        "gold_block": "super_trim:trims/color_palettes/gold_block",
        "diamond_block": "super_trim:trims/color_palettes/diamond_block",
        "netherite_block": "super_trim:trims/color_palettes/netherite_block",
        "exposed_copper": "super_trim:trims/color_palettes/exposed_copper",
        "weathered_copper": "super_trim:trims/color_palettes/weathered_copper",
        "oxidized_copper": "super_trim:trims/color_palettes/oxidized_copper",
        "cut_copper": "super_trim:trims/color_palettes/cut_copper",
        "exposed_cut_copper": "super_trim:trims/color_palettes/exposed_cut_copper",
        "weathered_cut_copper": "super_trim:trims/color_palettes/weathered_cut_copper",
        "oxidized_cut_copper": "super_trim:trims/color_palettes/oxidized_cut_copper",
        "cut_copper_stairs": "super_trim:trims/color_palettes/cut_copper_stairs",
        "exposed_cut_copper_stairs": "super_trim:trims/color_palettes/exposed_cut_copper_stairs",
        "weathered_cut_copper_stairs": "super_trim:trims/color_palettes/weathered_cut_copper_stairs",
        "oxidized_cut_copper_stairs": "super_trim:trims/color_palettes/oxidized_cut_copper_stairs",
        "cut_copper_slab": "super_trim:trims/color_palettes/cut_copper_slab",
        "exposed_cut_copper_slab": "super_trim:trims/color_palettes/exposed_cut_copper_slab",
        "weathered_cut_copper_slab": "super_trim:trims/color_palettes/weathered_cut_copper_slab",
        "oxidized_cut_copper_slab": "super_trim:trims/color_palettes/oxidized_cut_copper_slab",
        "waxed_copper_block": "super_trim:trims/color_palettes/waxed_copper_block",
        "waxed_exposed_copper": "super_trim:trims/color_palettes/waxed_exposed_copper",
        "waxed_weathered_copper": "super_trim:trims/color_palettes/waxed_weathered_copper",
        "waxed_oxidized_copper": "super_trim:trims/color_palettes/waxed_oxidized_copper",
        "waxed_cut_copper": "super_trim:trims/color_palettes/waxed_cut_copper",
        "waxed_exposed_cut_copper": "super_trim:trims/color_palettes/waxed_exposed_cut_copper",
        "waxed_weathered_cut_copper": "super_trim:trims/color_palettes/waxed_weathered_cut_copper",
        "waxed_oxidized_cut_copper": "super_trim:trims/color_palettes/waxed_oxidized_cut_copper",
        "waxed_cut_copper_stairs": "super_trim:trims/color_palettes/waxed_cut_copper_stairs",
        "waxed_exposed_cut_copper_stairs": "super_trim:trims/color_palettes/waxed_exposed_cut_copper_stairs",
        "waxed_weathered_cut_copper_stairs": "super_trim:trims/color_palettes/waxed_weathered_cut_copper_stairs",
        "waxed_oxidized_cut_copper_stairs": "super_trim:trims/color_palettes/waxed_oxidized_cut_copper_stairs",
        "waxed_cut_copper_slab": "super_trim:trims/color_palettes/waxed_cut_copper_slab",
        "waxed_exposed_cut_copper_slab": "super_trim:trims/color_palettes/waxed_exposed_cut_copper_slab",
        "waxed_weathered_cut_copper_slab": "super_trim:trims/color_palettes/waxed_weathered_cut_copper_slab",
        "waxed_oxidized_cut_copper_slab": "super_trim:trims/color_palettes/waxed_oxidized_cut_copper_slab",
        "oak_log": "super_trim:trims/color_palettes/oak_log",
        "spruce_log": "super_trim:trims/color_palettes/spruce_log",
        "birch_log": "super_trim:trims/color_palettes/birch_log",
        "jungle_log": "super_trim:trims/color_palettes/jungle_log",
        "acacia_log": "super_trim:trims/color_palettes/acacia_log",
        "dark_oak_log": "super_trim:trims/color_palettes/dark_oak_log",
        "mangrove_log": "super_trim:trims/color_palettes/mangrove_log",
        "mangrove_roots": "super_trim:trims/color_palettes/mangrove_roots",
        "muddy_mangrove_roots": "super_trim:trims/color_palettes/muddy_mangrove_roots",
        "crimson_stem": "super_trim:trims/color_palettes/crimson_stem",
        "warped_stem": "super_trim:trims/color_palettes/warped_stem",
        "stripped_oak_log": "super_trim:trims/color_palettes/stripped_oak_log",
        "stripped_spruce_log": "super_trim:trims/color_palettes/stripped_spruce_log",
        "stripped_birch_log": "super_trim:trims/color_palettes/stripped_birch_log",
        "stripped_jungle_log": "super_trim:trims/color_palettes/stripped_jungle_log",
        "stripped_acacia_log": "super_trim:trims/color_palettes/stripped_acacia_log",
        "stripped_dark_oak_log": "super_trim:trims/color_palettes/stripped_dark_oak_log",
        "stripped_mangrove_log": "super_trim:trims/color_palettes/stripped_mangrove_log",
        "stripped_crimson_stem": "super_trim:trims/color_palettes/stripped_crimson_stem",
        "stripped_warped_stem": "super_trim:trims/color_palettes/stripped_warped_stem",
        "stripped_oak_wood": "super_trim:trims/color_palettes/stripped_oak_wood",
        "stripped_spruce_wood": "super_trim:trims/color_palettes/stripped_spruce_wood",
        "stripped_birch_wood": "super_trim:trims/color_palettes/stripped_birch_wood",
        "stripped_jungle_wood": "super_trim:trims/color_palettes/stripped_jungle_wood",
        "stripped_acacia_wood": "super_trim:trims/color_palettes/stripped_acacia_wood",
        "stripped_dark_oak_wood": "super_trim:trims/color_palettes/stripped_dark_oak_wood",
        "stripped_mangrove_wood": "super_trim:trims/color_palettes/stripped_mangrove_wood",
        "stripped_crimson_hyphae": "super_trim:trims/color_palettes/stripped_crimson_hyphae",
        "stripped_warped_hyphae": "super_trim:trims/color_palettes/stripped_warped_hyphae",
        "oak_wood": "super_trim:trims/color_palettes/oak_wood",
        "spruce_wood": "super_trim:trims/color_palettes/spruce_wood",
        "birch_wood": "super_trim:trims/color_palettes/birch_wood",
        "jungle_wood": "super_trim:trims/color_palettes/jungle_wood",
        "acacia_wood": "super_trim:trims/color_palettes/acacia_wood",
        "dark_oak_wood": "super_trim:trims/color_palettes/dark_oak_wood",
        "mangrove_wood": "super_trim:trims/color_palettes/mangrove_wood",
        "crimson_hyphae": "super_trim:trims/color_palettes/crimson_hyphae",
        "warped_hyphae": "super_trim:trims/color_palettes/warped_hyphae",
        "oak_leaves": "super_trim:trims/color_palettes/oak_leaves",
        "spruce_leaves": "super_trim:trims/color_palettes/spruce_leaves",
        "birch_leaves": "super_trim:trims/color_palettes/birch_leaves",
        "jungle_leaves": "super_trim:trims/color_palettes/jungle_leaves",
        "acacia_leaves": "super_trim:trims/color_palettes/acacia_leaves",
        "dark_oak_leaves": "super_trim:trims/color_palettes/dark_oak_leaves",
        "mangrove_leaves": "super_trim:trims/color_palettes/mangrove_leaves",
        "azalea_leaves": "super_trim:trims/color_palettes/azalea_leaves",
        "flowering_azalea_leaves": "super_trim:trims/color_palettes/flowering_azalea_leaves",
        "sponge": "super_trim:trims/color_palettes/sponge",
        "wet_sponge": "super_trim:trims/color_palettes/wet_sponge",
        "glass": "super_trim:trims/color_palettes/glass",
        "tinted_glass": "super_trim:trims/color_palettes/tinted_glass",
        "lapis_block": "super_trim:trims/color_palettes/lapis_block",
        "sandstone": "super_trim:trims/color_palettes/sandstone",
        "chiseled_sandstone": "super_trim:trims/color_palettes/chiseled_sandstone",
        "cut_sandstone": "super_trim:trims/color_palettes/cut_sandstone",
        "cobweb": "super_trim:trims/color_palettes/cobweb",
        "grass": "super_trim:trims/color_palettes/grass",
        "fern": "super_trim:trims/color_palettes/fern",
        "azalea": "super_trim:trims/color_palettes/azalea",
        "flowering_azalea": "super_trim:trims/color_palettes/flowering_azalea",
        "dead_bush": "super_trim:trims/color_palettes/dead_bush",
        "seagrass": "super_trim:trims/color_palettes/seagrass",
        "sea_pickle": "super_trim:trims/color_palettes/sea_pickle",
        "white_wool": "super_trim:trims/color_palettes/white_wool",
        "orange_wool": "super_trim:trims/color_palettes/orange_wool",
        "magenta_wool": "super_trim:trims/color_palettes/magenta_wool",
        "light_blue_wool": "super_trim:trims/color_palettes/light_blue_wool",
        "yellow_wool": "super_trim:trims/color_palettes/yellow_wool",
        "lime_wool": "super_trim:trims/color_palettes/lime_wool",
        "pink_wool": "super_trim:trims/color_palettes/pink_wool",
        "gray_wool": "super_trim:trims/color_palettes/gray_wool",
        "light_gray_wool": "super_trim:trims/color_palettes/light_gray_wool",
        "cyan_wool": "super_trim:trims/color_palettes/cyan_wool",
        "purple_wool": "super_trim:trims/color_palettes/purple_wool",
        "blue_wool": "super_trim:trims/color_palettes/blue_wool",
        "brown_wool": "super_trim:trims/color_palettes/brown_wool",
        "green_wool": "super_trim:trims/color_palettes/green_wool",
        "red_wool": "super_trim:trims/color_palettes/red_wool",
        "black_wool": "super_trim:trims/color_palettes/black_wool",
        "dandelion": "super_trim:trims/color_palettes/dandelion",
        "poppy": "super_trim:trims/color_palettes/poppy",
        "blue_orchid": "super_trim:trims/color_palettes/blue_orchid",
        "allium": "super_trim:trims/color_palettes/allium",
        "azure_bluet": "super_trim:trims/color_palettes/azure_bluet",
        "red_tulip": "super_trim:trims/color_palettes/red_tulip",
        "orange_tulip": "super_trim:trims/color_palettes/orange_tulip",
        "white_tulip": "super_trim:trims/color_palettes/white_tulip",
        "pink_tulip": "super_trim:trims/color_palettes/pink_tulip",
        "oxeye_daisy": "super_trim:trims/color_palettes/oxeye_daisy",
        "cornflower": "super_trim:trims/color_palettes/cornflower",
        "lily_of_the_valley": "super_trim:trims/color_palettes/lily_of_the_valley",
        "wither_rose": "super_trim:trims/color_palettes/wither_rose",
        "spore_blossom": "super_trim:trims/color_palettes/spore_blossom",
        "brown_mushroom": "super_trim:trims/color_palettes/brown_mushroom",
        "red_mushroom": "super_trim:trims/color_palettes/red_mushroom",
        "crimson_fungus": "super_trim:trims/color_palettes/crimson_fungus",
        "warped_fungus": "super_trim:trims/color_palettes/warped_fungus",
        "crimson_roots": "super_trim:trims/color_palettes/crimson_roots",
        "warped_roots": "super_trim:trims/color_palettes/warped_roots",
        "nether_sprouts": "super_trim:trims/color_palettes/nether_sprouts",
        "weeping_vines": "super_trim:trims/color_palettes/weeping_vines",
        "twisting_vines": "super_trim:trims/color_palettes/twisting_vines",
        "sugar_cane": "super_trim:trims/color_palettes/sugar_cane",
        "kelp": "super_trim:trims/color_palettes/kelp",
        "moss_carpet": "super_trim:trims/color_palettes/moss_carpet",
        "moss_block": "super_trim:trims/color_palettes/moss_block",
        "hanging_roots": "super_trim:trims/color_palettes/hanging_roots",
        "big_dripleaf": "super_trim:trims/color_palettes/big_dripleaf",
        "small_dripleaf": "super_trim:trims/color_palettes/small_dripleaf",
        "bamboo": "super_trim:trims/color_palettes/bamboo",
        "oak_slab": "super_trim:trims/color_palettes/oak_slab",
        "spruce_slab": "super_trim:trims/color_palettes/spruce_slab",
        "birch_slab": "super_trim:trims/color_palettes/birch_slab",
        "jungle_slab": "super_trim:trims/color_palettes/jungle_slab",
        "acacia_slab": "super_trim:trims/color_palettes/acacia_slab",
        "dark_oak_slab": "super_trim:trims/color_palettes/dark_oak_slab",
        "mangrove_slab": "super_trim:trims/color_palettes/mangrove_slab",
        "crimson_slab": "super_trim:trims/color_palettes/crimson_slab",
        "warped_slab": "super_trim:trims/color_palettes/warped_slab",
        "stone_slab": "super_trim:trims/color_palettes/stone_slab",
        "smooth_stone_slab": "super_trim:trims/color_palettes/smooth_stone_slab",
        "sandstone_slab": "super_trim:trims/color_palettes/sandstone_slab",
        "cut_sandstone_slab": "super_trim:trims/color_palettes/cut_sandstone_slab",
        "petrified_oak_slab": "super_trim:trims/color_palettes/petrified_oak_slab",
        "cobblestone_slab": "super_trim:trims/color_palettes/cobblestone_slab",
        "brick_slab": "super_trim:trims/color_palettes/brick_slab",
        "stone_brick_slab": "super_trim:trims/color_palettes/stone_brick_slab",
        "mud_brick_slab": "super_trim:trims/color_palettes/mud_brick_slab",
        "nether_brick_slab": "super_trim:trims/color_palettes/nether_brick_slab",
        "quartz_slab": "super_trim:trims/color_palettes/quartz_slab",
        "red_sandstone_slab": "super_trim:trims/color_palettes/red_sandstone_slab",
        "cut_red_sandstone_slab": "super_trim:trims/color_palettes/cut_red_sandstone_slab",
        "purpur_slab": "super_trim:trims/color_palettes/purpur_slab",
        "prismarine_slab": "super_trim:trims/color_palettes/prismarine_slab",
        "prismarine_brick_slab": "super_trim:trims/color_palettes/prismarine_brick_slab",
        "dark_prismarine_slab": "super_trim:trims/color_palettes/dark_prismarine_slab",
        "smooth_quartz": "super_trim:trims/color_palettes/smooth_quartz",
        "smooth_red_sandstone": "super_trim:trims/color_palettes/smooth_red_sandstone",
        "smooth_sandstone": "super_trim:trims/color_palettes/smooth_sandstone",
        "smooth_stone": "super_trim:trims/color_palettes/smooth_stone",
        "bricks": "super_trim:trims/color_palettes/bricks",
        "bookshelf": "super_trim:trims/color_palettes/bookshelf",
        "mossy_cobblestone": "super_trim:trims/color_palettes/mossy_cobblestone",
        "obsidian": "super_trim:trims/color_palettes/obsidian",
        "torch": "super_trim:trims/color_palettes/torch",
        "end_rod": "super_trim:trims/color_palettes/end_rod",
        "chorus_plant": "super_trim:trims/color_palettes/chorus_plant",
        "chorus_flower": "super_trim:trims/color_palettes/chorus_flower",
        "purpur_block": "super_trim:trims/color_palettes/purpur_block",
        "purpur_pillar": "super_trim:trims/color_palettes/purpur_pillar",
        "purpur_stairs": "super_trim:trims/color_palettes/purpur_stairs",
        "spawner": "super_trim:trims/color_palettes/spawner",
        "chest": "super_trim:trims/color_palettes/chest",
        "crafting_table": "super_trim:trims/color_palettes/crafting_table",
        "farmland": "super_trim:trims/color_palettes/farmland",
        "furnace": "super_trim:trims/color_palettes/furnace",
        "ladder": "super_trim:trims/color_palettes/ladder",
        "cobblestone_stairs": "super_trim:trims/color_palettes/cobblestone_stairs",
        "snow": "super_trim:trims/color_palettes/snow",
        "ice": "super_trim:trims/color_palettes/ice",
        "snow_block": "super_trim:trims/color_palettes/snow_block",
        "cactus": "super_trim:trims/color_palettes/cactus",
        "clay": "super_trim:trims/color_palettes/clay",
        "jukebox": "super_trim:trims/color_palettes/jukebox",
        "oak_fence": "super_trim:trims/color_palettes/oak_fence",
        "spruce_fence": "super_trim:trims/color_palettes/spruce_fence",
        "birch_fence": "super_trim:trims/color_palettes/birch_fence",
        "jungle_fence": "super_trim:trims/color_palettes/jungle_fence",
        "acacia_fence": "super_trim:trims/color_palettes/acacia_fence",
        "dark_oak_fence": "super_trim:trims/color_palettes/dark_oak_fence",
        "mangrove_fence": "super_trim:trims/color_palettes/mangrove_fence",
        "crimson_fence": "super_trim:trims/color_palettes/crimson_fence",
        "warped_fence": "super_trim:trims/color_palettes/warped_fence",
        "pumpkin": "super_trim:trims/color_palettes/pumpkin",
        "carved_pumpkin": "super_trim:trims/color_palettes/carved_pumpkin",
        "jack_o_lantern": "super_trim:trims/color_palettes/jack_o_lantern",
        "netherrack": "super_trim:trims/color_palettes/netherrack",
        "soul_sand": "super_trim:trims/color_palettes/soul_sand",
        "soul_soil": "super_trim:trims/color_palettes/soul_soil",
        "basalt": "super_trim:trims/color_palettes/basalt",
        "polished_basalt": "super_trim:trims/color_palettes/polished_basalt",
        "smooth_basalt": "super_trim:trims/color_palettes/smooth_basalt",
        "soul_torch": "super_trim:trims/color_palettes/soul_torch",
        "glowstone": "super_trim:trims/color_palettes/glowstone",
        "infested_stone": "super_trim:trims/color_palettes/infested_stone",
        "infested_cobblestone": "super_trim:trims/color_palettes/infested_cobblestone",
        "infested_stone_bricks": "super_trim:trims/color_palettes/infested_stone_bricks",
        "infested_mossy_stone_bricks": "super_trim:trims/color_palettes/infested_mossy_stone_bricks",
        "infested_cracked_stone_bricks": "super_trim:trims/color_palettes/infested_cracked_stone_bricks",
        "infested_chiseled_stone_bricks": "super_trim:trims/color_palettes/infested_chiseled_stone_bricks",
        "infested_deepslate": "super_trim:trims/color_palettes/infested_deepslate",
        "stone_bricks": "super_trim:trims/color_palettes/stone_bricks",
        "mossy_stone_bricks": "super_trim:trims/color_palettes/mossy_stone_bricks",
        "cracked_stone_bricks": "super_trim:trims/color_palettes/cracked_stone_bricks",
        "chiseled_stone_bricks": "super_trim:trims/color_palettes/chiseled_stone_bricks",
        "packed_mud": "super_trim:trims/color_palettes/packed_mud",
        "mud_bricks": "super_trim:trims/color_palettes/mud_bricks",
        "deepslate_bricks": "super_trim:trims/color_palettes/deepslate_bricks",
        "cracked_deepslate_bricks": "super_trim:trims/color_palettes/cracked_deepslate_bricks",
        "deepslate_tiles": "super_trim:trims/color_palettes/deepslate_tiles",
        "cracked_deepslate_tiles": "super_trim:trims/color_palettes/cracked_deepslate_tiles",
        "chiseled_deepslate": "super_trim:trims/color_palettes/chiseled_deepslate",
        "reinforced_deepslate": "super_trim:trims/color_palettes/reinforced_deepslate",
        "brown_mushroom_block": "super_trim:trims/color_palettes/brown_mushroom_block",
        "red_mushroom_block": "super_trim:trims/color_palettes/red_mushroom_block",
        "mushroom_stem": "super_trim:trims/color_palettes/mushroom_stem",
        "iron_bars": "super_trim:trims/color_palettes/iron_bars",
        "chain": "super_trim:trims/color_palettes/chain",
        "glass_pane": "super_trim:trims/color_palettes/glass_pane",
        "melon": "super_trim:trims/color_palettes/melon",
        "vine": "super_trim:trims/color_palettes/vine",
        "glow_lichen": "super_trim:trims/color_palettes/glow_lichen",
        "brick_stairs": "super_trim:trims/color_palettes/brick_stairs",
        "stone_brick_stairs": "super_trim:trims/color_palettes/stone_brick_stairs",
        "mud_brick_stairs": "super_trim:trims/color_palettes/mud_brick_stairs",
        "mycelium": "super_trim:trims/color_palettes/mycelium",
        "lily_pad": "super_trim:trims/color_palettes/lily_pad",
        "nether_bricks": "super_trim:trims/color_palettes/nether_bricks",
        "cracked_nether_bricks": "super_trim:trims/color_palettes/cracked_nether_bricks",
        "chiseled_nether_bricks": "super_trim:trims/color_palettes/chiseled_nether_bricks",
        "nether_brick_fence": "super_trim:trims/color_palettes/nether_brick_fence",
        "nether_brick_stairs": "super_trim:trims/color_palettes/nether_brick_stairs",
        "sculk": "super_trim:trims/color_palettes/sculk",
        "sculk_vein": "super_trim:trims/color_palettes/sculk_vein",
        "sculk_catalyst": "super_trim:trims/color_palettes/sculk_catalyst",
        "sculk_shrieker": "super_trim:trims/color_palettes/sculk_shrieker",
        "enchanting_table": "super_trim:trims/color_palettes/enchanting_table",
        "end_portal_frame": "super_trim:trims/color_palettes/end_portal_frame",
        "end_stone": "super_trim:trims/color_palettes/end_stone",
        "end_stone_bricks": "super_trim:trims/color_palettes/end_stone_bricks",
        "dragon_egg": "super_trim:trims/color_palettes/dragon_egg",
        "sandstone_stairs": "super_trim:trims/color_palettes/sandstone_stairs",
        "ender_chest": "super_trim:trims/color_palettes/ender_chest",
        "emerald_block": "super_trim:trims/color_palettes/emerald_block",
        "oak_stairs": "super_trim:trims/color_palettes/oak_stairs",
        "spruce_stairs": "super_trim:trims/color_palettes/spruce_stairs",
        "birch_stairs": "super_trim:trims/color_palettes/birch_stairs",
        "jungle_stairs": "super_trim:trims/color_palettes/jungle_stairs",
        "acacia_stairs": "super_trim:trims/color_palettes/acacia_stairs",
        "dark_oak_stairs": "super_trim:trims/color_palettes/dark_oak_stairs",
        "mangrove_stairs": "super_trim:trims/color_palettes/mangrove_stairs",
        "crimson_stairs": "super_trim:trims/color_palettes/crimson_stairs",
        "warped_stairs": "super_trim:trims/color_palettes/warped_stairs",
        "command_block": "super_trim:trims/color_palettes/command_block",
        "beacon": "super_trim:trims/color_palettes/beacon",
        "cobblestone_wall": "super_trim:trims/color_palettes/cobblestone_wall",
        "mossy_cobblestone_wall": "super_trim:trims/color_palettes/mossy_cobblestone_wall",
        "brick_wall": "super_trim:trims/color_palettes/brick_wall",
        "prismarine_wall": "super_trim:trims/color_palettes/prismarine_wall",
        "red_sandstone_wall": "super_trim:trims/color_palettes/red_sandstone_wall",
        "mossy_stone_brick_wall": "super_trim:trims/color_palettes/mossy_stone_brick_wall",
        "granite_wall": "super_trim:trims/color_palettes/granite_wall",
        "stone_brick_wall": "super_trim:trims/color_palettes/stone_brick_wall",
        "mud_brick_wall": "super_trim:trims/color_palettes/mud_brick_wall",
        "nether_brick_wall": "super_trim:trims/color_palettes/nether_brick_wall",
        "andesite_wall": "super_trim:trims/color_palettes/andesite_wall",
        "red_nether_brick_wall": "super_trim:trims/color_palettes/red_nether_brick_wall",
        "sandstone_wall": "super_trim:trims/color_palettes/sandstone_wall",
        "end_stone_brick_wall": "super_trim:trims/color_palettes/end_stone_brick_wall",
        "diorite_wall": "super_trim:trims/color_palettes/diorite_wall",
        "blackstone_wall": "super_trim:trims/color_palettes/blackstone_wall",
        "polished_blackstone_wall": "super_trim:trims/color_palettes/polished_blackstone_wall",
        "polished_blackstone_brick_wall": "super_trim:trims/color_palettes/polished_blackstone_brick_wall",
        "cobbled_deepslate_wall": "super_trim:trims/color_palettes/cobbled_deepslate_wall",
        "polished_deepslate_wall": "super_trim:trims/color_palettes/polished_deepslate_wall",
        "deepslate_brick_wall": "super_trim:trims/color_palettes/deepslate_brick_wall",
        "deepslate_tile_wall": "super_trim:trims/color_palettes/deepslate_tile_wall",
        "anvil": "super_trim:trims/color_palettes/anvil",
        "chipped_anvil": "super_trim:trims/color_palettes/chipped_anvil",
        "damaged_anvil": "super_trim:trims/color_palettes/damaged_anvil",
        "chiseled_quartz_block": "super_trim:trims/color_palettes/chiseled_quartz_block",
        "quartz_block": "super_trim:trims/color_palettes/quartz_block",
        "quartz_bricks": "super_trim:trims/color_palettes/quartz_bricks",
        "quartz_pillar": "super_trim:trims/color_palettes/quartz_pillar",
        "quartz_stairs": "super_trim:trims/color_palettes/quartz_stairs",
        "white_terracotta": "super_trim:trims/color_palettes/white_terracotta",
        "orange_terracotta": "super_trim:trims/color_palettes/orange_terracotta",
        "magenta_terracotta": "super_trim:trims/color_palettes/magenta_terracotta",
        "light_blue_terracotta": "super_trim:trims/color_palettes/light_blue_terracotta",
        "yellow_terracotta": "super_trim:trims/color_palettes/yellow_terracotta",
        "lime_terracotta": "super_trim:trims/color_palettes/lime_terracotta",
        "pink_terracotta": "super_trim:trims/color_palettes/pink_terracotta",
        "gray_terracotta": "super_trim:trims/color_palettes/gray_terracotta",
        "light_gray_terracotta": "super_trim:trims/color_palettes/light_gray_terracotta",
        "cyan_terracotta": "super_trim:trims/color_palettes/cyan_terracotta",
        "purple_terracotta": "super_trim:trims/color_palettes/purple_terracotta",
        "blue_terracotta": "super_trim:trims/color_palettes/blue_terracotta",
        "brown_terracotta": "super_trim:trims/color_palettes/brown_terracotta",
        "green_terracotta": "super_trim:trims/color_palettes/green_terracotta",
        "red_terracotta": "super_trim:trims/color_palettes/red_terracotta",
        "black_terracotta": "super_trim:trims/color_palettes/black_terracotta",
        "barrier": "super_trim:trims/color_palettes/barrier",
        "light": "super_trim:trims/color_palettes/light",
        "hay_block": "super_trim:trims/color_palettes/hay_block",
        "white_carpet": "super_trim:trims/color_palettes/white_carpet",
        "orange_carpet": "super_trim:trims/color_palettes/orange_carpet",
        "magenta_carpet": "super_trim:trims/color_palettes/magenta_carpet",
        "light_blue_carpet": "super_trim:trims/color_palettes/light_blue_carpet",
        "yellow_carpet": "super_trim:trims/color_palettes/yellow_carpet",
        "lime_carpet": "super_trim:trims/color_palettes/lime_carpet",
        "pink_carpet": "super_trim:trims/color_palettes/pink_carpet",
        "gray_carpet": "super_trim:trims/color_palettes/gray_carpet",
        "light_gray_carpet": "super_trim:trims/color_palettes/light_gray_carpet",
        "cyan_carpet": "super_trim:trims/color_palettes/cyan_carpet",
        "purple_carpet": "super_trim:trims/color_palettes/purple_carpet",
        "blue_carpet": "super_trim:trims/color_palettes/blue_carpet",
        "brown_carpet": "super_trim:trims/color_palettes/brown_carpet",
        "green_carpet": "super_trim:trims/color_palettes/green_carpet",
        "red_carpet": "super_trim:trims/color_palettes/red_carpet",
        "black_carpet": "super_trim:trims/color_palettes/black_carpet",
        "terracotta": "super_trim:trims/color_palettes/terracotta",
        "packed_ice": "super_trim:trims/color_palettes/packed_ice",
        "dirt_path": "super_trim:trims/color_palettes/dirt_path",
        "sunflower": "super_trim:trims/color_palettes/sunflower",
        "lilac": "super_trim:trims/color_palettes/lilac",
        "rose_bush": "super_trim:trims/color_palettes/rose_bush",
        "peony": "super_trim:trims/color_palettes/peony",
        "tall_grass": "super_trim:trims/color_palettes/tall_grass",
        "large_fern": "super_trim:trims/color_palettes/large_fern",
        "white_stained_glass": "super_trim:trims/color_palettes/white_stained_glass",
        "orange_stained_glass": "super_trim:trims/color_palettes/orange_stained_glass",
        "magenta_stained_glass": "super_trim:trims/color_palettes/magenta_stained_glass",
        "light_blue_stained_glass": "super_trim:trims/color_palettes/light_blue_stained_glass",
        "yellow_stained_glass": "super_trim:trims/color_palettes/yellow_stained_glass",
        "lime_stained_glass": "super_trim:trims/color_palettes/lime_stained_glass",
        "pink_stained_glass": "super_trim:trims/color_palettes/pink_stained_glass",
        "gray_stained_glass": "super_trim:trims/color_palettes/gray_stained_glass",
        "light_gray_stained_glass": "super_trim:trims/color_palettes/light_gray_stained_glass",
        "cyan_stained_glass": "super_trim:trims/color_palettes/cyan_stained_glass",
        "purple_stained_glass": "super_trim:trims/color_palettes/purple_stained_glass",
        "blue_stained_glass": "super_trim:trims/color_palettes/blue_stained_glass",
        "brown_stained_glass": "super_trim:trims/color_palettes/brown_stained_glass",
        "green_stained_glass": "super_trim:trims/color_palettes/green_stained_glass",
        "red_stained_glass": "super_trim:trims/color_palettes/red_stained_glass",
        "black_stained_glass": "super_trim:trims/color_palettes/black_stained_glass",
        "white_stained_glass_pane": "super_trim:trims/color_palettes/white_stained_glass_pane",
        "orange_stained_glass_pane": "super_trim:trims/color_palettes/orange_stained_glass_pane",
        "magenta_stained_glass_pane": "super_trim:trims/color_palettes/magenta_stained_glass_pane",
        "light_blue_stained_glass_pane": "super_trim:trims/color_palettes/light_blue_stained_glass_pane",
        "yellow_stained_glass_pane": "super_trim:trims/color_palettes/yellow_stained_glass_pane",
        "lime_stained_glass_pane": "super_trim:trims/color_palettes/lime_stained_glass_pane",
        "pink_stained_glass_pane": "super_trim:trims/color_palettes/pink_stained_glass_pane",
        "gray_stained_glass_pane": "super_trim:trims/color_palettes/gray_stained_glass_pane",
        "light_gray_stained_glass_pane": "super_trim:trims/color_palettes/light_gray_stained_glass_pane",
        "cyan_stained_glass_pane": "super_trim:trims/color_palettes/cyan_stained_glass_pane",
        "purple_stained_glass_pane": "super_trim:trims/color_palettes/purple_stained_glass_pane",
        "blue_stained_glass_pane": "super_trim:trims/color_palettes/blue_stained_glass_pane",
        "brown_stained_glass_pane": "super_trim:trims/color_palettes/brown_stained_glass_pane",
        "green_stained_glass_pane": "super_trim:trims/color_palettes/green_stained_glass_pane",
        "red_stained_glass_pane": "super_trim:trims/color_palettes/red_stained_glass_pane",
        "black_stained_glass_pane": "super_trim:trims/color_palettes/black_stained_glass_pane",
        "prismarine": "super_trim:trims/color_palettes/prismarine",
        "prismarine_bricks": "super_trim:trims/color_palettes/prismarine_bricks",
        "dark_prismarine": "super_trim:trims/color_palettes/dark_prismarine",
        "prismarine_stairs": "super_trim:trims/color_palettes/prismarine_stairs",
        "prismarine_brick_stairs": "super_trim:trims/color_palettes/prismarine_brick_stairs",
        "dark_prismarine_stairs": "super_trim:trims/color_palettes/dark_prismarine_stairs",
        "sea_lantern": "super_trim:trims/color_palettes/sea_lantern",
        "red_sandstone": "super_trim:trims/color_palettes/red_sandstone",
        "chiseled_red_sandstone": "super_trim:trims/color_palettes/chiseled_red_sandstone",
        "cut_red_sandstone": "super_trim:trims/color_palettes/cut_red_sandstone",
        "red_sandstone_stairs": "super_trim:trims/color_palettes/red_sandstone_stairs",
        "repeating_command_block": "super_trim:trims/color_palettes/repeating_command_block",
        "chain_command_block": "super_trim:trims/color_palettes/chain_command_block",
        "magma_block": "super_trim:trims/color_palettes/magma_block",
        "nether_wart_block": "super_trim:trims/color_palettes/nether_wart_block",
        "warped_wart_block": "super_trim:trims/color_palettes/warped_wart_block",
        "red_nether_bricks": "super_trim:trims/color_palettes/red_nether_bricks",
        "bone_block": "super_trim:trims/color_palettes/bone_block",
        "structure_void": "super_trim:trims/color_palettes/structure_void",
        "shulker_box": "super_trim:trims/color_palettes/shulker_box",
        "white_shulker_box": "super_trim:trims/color_palettes/white_shulker_box",
        "orange_shulker_box": "super_trim:trims/color_palettes/orange_shulker_box",
        "magenta_shulker_box": "super_trim:trims/color_palettes/magenta_shulker_box",
        "light_blue_shulker_box": "super_trim:trims/color_palettes/light_blue_shulker_box",
        "yellow_shulker_box": "super_trim:trims/color_palettes/yellow_shulker_box",
        "lime_shulker_box": "super_trim:trims/color_palettes/lime_shulker_box",
        "pink_shulker_box": "super_trim:trims/color_palettes/pink_shulker_box",
        "gray_shulker_box": "super_trim:trims/color_palettes/gray_shulker_box",
        "light_gray_shulker_box": "super_trim:trims/color_palettes/light_gray_shulker_box",
        "cyan_shulker_box": "super_trim:trims/color_palettes/cyan_shulker_box",
        "purple_shulker_box": "super_trim:trims/color_palettes/purple_shulker_box",
        "blue_shulker_box": "super_trim:trims/color_palettes/blue_shulker_box",
        "brown_shulker_box": "super_trim:trims/color_palettes/brown_shulker_box",
        "green_shulker_box": "super_trim:trims/color_palettes/green_shulker_box",
        "red_shulker_box": "super_trim:trims/color_palettes/red_shulker_box",
        "black_shulker_box": "super_trim:trims/color_palettes/black_shulker_box",
        "white_glazed_terracotta": "super_trim:trims/color_palettes/white_glazed_terracotta",
        "orange_glazed_terracotta": "super_trim:trims/color_palettes/orange_glazed_terracotta",
        "magenta_glazed_terracotta": "super_trim:trims/color_palettes/magenta_glazed_terracotta",
        "light_blue_glazed_terracotta": "super_trim:trims/color_palettes/light_blue_glazed_terracotta",
        "yellow_glazed_terracotta": "super_trim:trims/color_palettes/yellow_glazed_terracotta",
        "lime_glazed_terracotta": "super_trim:trims/color_palettes/lime_glazed_terracotta",
        "pink_glazed_terracotta": "super_trim:trims/color_palettes/pink_glazed_terracotta",
        "gray_glazed_terracotta": "super_trim:trims/color_palettes/gray_glazed_terracotta",
        "light_gray_glazed_terracotta": "super_trim:trims/color_palettes/light_gray_glazed_terracotta",
        "cyan_glazed_terracotta": "super_trim:trims/color_palettes/cyan_glazed_terracotta",
        "purple_glazed_terracotta": "super_trim:trims/color_palettes/purple_glazed_terracotta",
        "blue_glazed_terracotta": "super_trim:trims/color_palettes/blue_glazed_terracotta",
        "brown_glazed_terracotta": "super_trim:trims/color_palettes/brown_glazed_terracotta",
        "green_glazed_terracotta": "super_trim:trims/color_palettes/green_glazed_terracotta",
        "red_glazed_terracotta": "super_trim:trims/color_palettes/red_glazed_terracotta",
        "black_glazed_terracotta": "super_trim:trims/color_palettes/black_glazed_terracotta",
        "white_concrete": "super_trim:trims/color_palettes/white_concrete",
        "orange_concrete": "super_trim:trims/color_palettes/orange_concrete",
        "magenta_concrete": "super_trim:trims/color_palettes/magenta_concrete",
        "light_blue_concrete": "super_trim:trims/color_palettes/light_blue_concrete",
        "yellow_concrete": "super_trim:trims/color_palettes/yellow_concrete",
        "lime_concrete": "super_trim:trims/color_palettes/lime_concrete",
        "pink_concrete": "super_trim:trims/color_palettes/pink_concrete",
        "gray_concrete": "super_trim:trims/color_palettes/gray_concrete",
        "light_gray_concrete": "super_trim:trims/color_palettes/light_gray_concrete",
        "cyan_concrete": "super_trim:trims/color_palettes/cyan_concrete",
        "purple_concrete": "super_trim:trims/color_palettes/purple_concrete",
        "blue_concrete": "super_trim:trims/color_palettes/blue_concrete",
        "brown_concrete": "super_trim:trims/color_palettes/brown_concrete",
        "green_concrete": "super_trim:trims/color_palettes/green_concrete",
        "red_concrete": "super_trim:trims/color_palettes/red_concrete",
        "black_concrete": "super_trim:trims/color_palettes/black_concrete",
        "white_concrete_powder": "super_trim:trims/color_palettes/white_concrete_powder",
        "orange_concrete_powder": "super_trim:trims/color_palettes/orange_concrete_powder",
        "magenta_concrete_powder": "super_trim:trims/color_palettes/magenta_concrete_powder",
        "light_blue_concrete_powder": "super_trim:trims/color_palettes/light_blue_concrete_powder",
        "yellow_concrete_powder": "super_trim:trims/color_palettes/yellow_concrete_powder",
        "lime_concrete_powder": "super_trim:trims/color_palettes/lime_concrete_powder",
        "pink_concrete_powder": "super_trim:trims/color_palettes/pink_concrete_powder",
        "gray_concrete_powder": "super_trim:trims/color_palettes/gray_concrete_powder",
        "light_gray_concrete_powder": "super_trim:trims/color_palettes/light_gray_concrete_powder",
        "cyan_concrete_powder": "super_trim:trims/color_palettes/cyan_concrete_powder",
        "purple_concrete_powder": "super_trim:trims/color_palettes/purple_concrete_powder",
        "blue_concrete_powder": "super_trim:trims/color_palettes/blue_concrete_powder",
        "brown_concrete_powder": "super_trim:trims/color_palettes/brown_concrete_powder",
        "green_concrete_powder": "super_trim:trims/color_palettes/green_concrete_powder",
        "red_concrete_powder": "super_trim:trims/color_palettes/red_concrete_powder",
        "black_concrete_powder": "super_trim:trims/color_palettes/black_concrete_powder",
        "turtle_egg": "super_trim:trims/color_palettes/turtle_egg",
        "dead_tube_coral_block": "super_trim:trims/color_palettes/dead_tube_coral_block",
        "dead_brain_coral_block": "super_trim:trims/color_palettes/dead_brain_coral_block",
        "dead_bubble_coral_block": "super_trim:trims/color_palettes/dead_bubble_coral_block",
        "dead_fire_coral_block": "super_trim:trims/color_palettes/dead_fire_coral_block",
        "dead_horn_coral_block": "super_trim:trims/color_palettes/dead_horn_coral_block",
        "tube_coral_block": "super_trim:trims/color_palettes/tube_coral_block",
        "brain_coral_block": "super_trim:trims/color_palettes/brain_coral_block",
        "bubble_coral_block": "super_trim:trims/color_palettes/bubble_coral_block",
        "fire_coral_block": "super_trim:trims/color_palettes/fire_coral_block",
        "horn_coral_block": "super_trim:trims/color_palettes/horn_coral_block",
        "tube_coral": "super_trim:trims/color_palettes/tube_coral",
        "brain_coral": "super_trim:trims/color_palettes/brain_coral",
        "bubble_coral": "super_trim:trims/color_palettes/bubble_coral",
        "fire_coral": "super_trim:trims/color_palettes/fire_coral",
        "horn_coral": "super_trim:trims/color_palettes/horn_coral",
        "dead_brain_coral": "super_trim:trims/color_palettes/dead_brain_coral",
        "dead_bubble_coral": "super_trim:trims/color_palettes/dead_bubble_coral",
        "dead_fire_coral": "super_trim:trims/color_palettes/dead_fire_coral",
        "dead_horn_coral": "super_trim:trims/color_palettes/dead_horn_coral",
        "dead_tube_coral": "super_trim:trims/color_palettes/dead_tube_coral",
        "tube_coral_fan": "super_trim:trims/color_palettes/tube_coral_fan",
        "brain_coral_fan": "super_trim:trims/color_palettes/brain_coral_fan",
        "bubble_coral_fan": "super_trim:trims/color_palettes/bubble_coral_fan",
        "fire_coral_fan": "super_trim:trims/color_palettes/fire_coral_fan",
        "horn_coral_fan": "super_trim:trims/color_palettes/horn_coral_fan",
        "dead_tube_coral_fan": "super_trim:trims/color_palettes/dead_tube_coral_fan",
        "dead_brain_coral_fan": "super_trim:trims/color_palettes/dead_brain_coral_fan",
        "dead_bubble_coral_fan": "super_trim:trims/color_palettes/dead_bubble_coral_fan",
        "dead_fire_coral_fan": "super_trim:trims/color_palettes/dead_fire_coral_fan",
        "dead_horn_coral_fan": "super_trim:trims/color_palettes/dead_horn_coral_fan",
        "blue_ice": "super_trim:trims/color_palettes/blue_ice",
        "conduit": "super_trim:trims/color_palettes/conduit",
        "polished_granite_stairs": "super_trim:trims/color_palettes/polished_granite_stairs",
        "smooth_red_sandstone_stairs": "super_trim:trims/color_palettes/smooth_red_sandstone_stairs",
        "mossy_stone_brick_stairs": "super_trim:trims/color_palettes/mossy_stone_brick_stairs",
        "polished_diorite_stairs": "super_trim:trims/color_palettes/polished_diorite_stairs",
        "mossy_cobblestone_stairs": "super_trim:trims/color_palettes/mossy_cobblestone_stairs",
        "end_stone_brick_stairs": "super_trim:trims/color_palettes/end_stone_brick_stairs",
        "stone_stairs": "super_trim:trims/color_palettes/stone_stairs",
        "smooth_sandstone_stairs": "super_trim:trims/color_palettes/smooth_sandstone_stairs",
        "smooth_quartz_stairs": "super_trim:trims/color_palettes/smooth_quartz_stairs",
        "granite_stairs": "super_trim:trims/color_palettes/granite_stairs",
        "andesite_stairs": "super_trim:trims/color_palettes/andesite_stairs",
        "red_nether_brick_stairs": "super_trim:trims/color_palettes/red_nether_brick_stairs",
        "polished_andesite_stairs": "super_trim:trims/color_palettes/polished_andesite_stairs",
        "diorite_stairs": "super_trim:trims/color_palettes/diorite_stairs",
        "cobbled_deepslate_stairs": "super_trim:trims/color_palettes/cobbled_deepslate_stairs",
        "polished_deepslate_stairs": "super_trim:trims/color_palettes/polished_deepslate_stairs",
        "deepslate_brick_stairs": "super_trim:trims/color_palettes/deepslate_brick_stairs",
        "deepslate_tile_stairs": "super_trim:trims/color_palettes/deepslate_tile_stairs",
        "polished_granite_slab": "super_trim:trims/color_palettes/polished_granite_slab",
        "smooth_red_sandstone_slab": "super_trim:trims/color_palettes/smooth_red_sandstone_slab",
        "mossy_stone_brick_slab": "super_trim:trims/color_palettes/mossy_stone_brick_slab",
        "polished_diorite_slab": "super_trim:trims/color_palettes/polished_diorite_slab",
        "mossy_cobblestone_slab": "super_trim:trims/color_palettes/mossy_cobblestone_slab",
        "end_stone_brick_slab": "super_trim:trims/color_palettes/end_stone_brick_slab",
        "smooth_sandstone_slab": "super_trim:trims/color_palettes/smooth_sandstone_slab",
        "smooth_quartz_slab": "super_trim:trims/color_palettes/smooth_quartz_slab",
        "granite_slab": "super_trim:trims/color_palettes/granite_slab",
        "andesite_slab": "super_trim:trims/color_palettes/andesite_slab",
        "red_nether_brick_slab": "super_trim:trims/color_palettes/red_nether_brick_slab",
        "polished_andesite_slab": "super_trim:trims/color_palettes/polished_andesite_slab",
        "diorite_slab": "super_trim:trims/color_palettes/diorite_slab",
        "cobbled_deepslate_slab": "super_trim:trims/color_palettes/cobbled_deepslate_slab",
        "polished_deepslate_slab": "super_trim:trims/color_palettes/polished_deepslate_slab",
        "deepslate_brick_slab": "super_trim:trims/color_palettes/deepslate_brick_slab",
        "deepslate_tile_slab": "super_trim:trims/color_palettes/deepslate_tile_slab",
        "scaffolding": "super_trim:trims/color_palettes/scaffolding",
        "redstone_torch": "super_trim:trims/color_palettes/redstone_torch",
        "redstone_block": "super_trim:trims/color_palettes/redstone_block",
        "repeater": "super_trim:trims/color_palettes/repeater",
        "comparator": "super_trim:trims/color_palettes/comparator",
        "piston": "super_trim:trims/color_palettes/piston",
        "sticky_piston": "super_trim:trims/color_palettes/sticky_piston",
        "slime_block": "super_trim:trims/color_palettes/slime_block",
        "honey_block": "super_trim:trims/color_palettes/honey_block",
        "observer": "super_trim:trims/color_palettes/observer",
        "hopper": "super_trim:trims/color_palettes/hopper",
        "dispenser": "super_trim:trims/color_palettes/dispenser",
        "dropper": "super_trim:trims/color_palettes/dropper",
        "lectern": "super_trim:trims/color_palettes/lectern",
        "target": "super_trim:trims/color_palettes/target",
        "lever": "super_trim:trims/color_palettes/lever",
        "lightning_rod": "super_trim:trims/color_palettes/lightning_rod",
        "daylight_detector": "super_trim:trims/color_palettes/daylight_detector",
        "sculk_sensor": "super_trim:trims/color_palettes/sculk_sensor",
        "tripwire_hook": "super_trim:trims/color_palettes/tripwire_hook",
        "trapped_chest": "super_trim:trims/color_palettes/trapped_chest",
        "tnt": "super_trim:trims/color_palettes/tnt",
        "redstone_lamp": "super_trim:trims/color_palettes/redstone_lamp",
        "note_block": "super_trim:trims/color_palettes/note_block",
        "stone_button": "super_trim:trims/color_palettes/stone_button",
        "polished_blackstone_button": "super_trim:trims/color_palettes/polished_blackstone_button",
        "oak_button": "super_trim:trims/color_palettes/oak_button",
        "spruce_button": "super_trim:trims/color_palettes/spruce_button",
        "birch_button": "super_trim:trims/color_palettes/birch_button",
        "jungle_button": "super_trim:trims/color_palettes/jungle_button",
        "acacia_button": "super_trim:trims/color_palettes/acacia_button",
        "dark_oak_button": "super_trim:trims/color_palettes/dark_oak_button",
        "mangrove_button": "super_trim:trims/color_palettes/mangrove_button",
        "crimson_button": "super_trim:trims/color_palettes/crimson_button",
        "warped_button": "super_trim:trims/color_palettes/warped_button",
        "stone_pressure_plate": "super_trim:trims/color_palettes/stone_pressure_plate",
        "polished_blackstone_pressure_plate": "super_trim:trims/color_palettes/polished_blackstone_pressure_plate",
        "light_weighted_pressure_plate": "super_trim:trims/color_palettes/light_weighted_pressure_plate",
        "heavy_weighted_pressure_plate": "super_trim:trims/color_palettes/heavy_weighted_pressure_plate",
        "oak_pressure_plate": "super_trim:trims/color_palettes/oak_pressure_plate",
        "spruce_pressure_plate": "super_trim:trims/color_palettes/spruce_pressure_plate",
        "birch_pressure_plate": "super_trim:trims/color_palettes/birch_pressure_plate",
        "jungle_pressure_plate": "super_trim:trims/color_palettes/jungle_pressure_plate",
        "acacia_pressure_plate": "super_trim:trims/color_palettes/acacia_pressure_plate",
        "dark_oak_pressure_plate": "super_trim:trims/color_palettes/dark_oak_pressure_plate",
        "mangrove_pressure_plate": "super_trim:trims/color_palettes/mangrove_pressure_plate",
        "crimson_pressure_plate": "super_trim:trims/color_palettes/crimson_pressure_plate",
        "warped_pressure_plate": "super_trim:trims/color_palettes/warped_pressure_plate",
        "iron_door": "super_trim:trims/color_palettes/iron_door",
        "oak_door": "super_trim:trims/color_palettes/oak_door",
        "spruce_door": "super_trim:trims/color_palettes/spruce_door",
        "birch_door": "super_trim:trims/color_palettes/birch_door",
        "jungle_door": "super_trim:trims/color_palettes/jungle_door",
        "acacia_door": "super_trim:trims/color_palettes/acacia_door",
        "dark_oak_door": "super_trim:trims/color_palettes/dark_oak_door",
        "mangrove_door": "super_trim:trims/color_palettes/mangrove_door",
        "crimson_door": "super_trim:trims/color_palettes/crimson_door",
        "warped_door": "super_trim:trims/color_palettes/warped_door",
        "iron_trapdoor": "super_trim:trims/color_palettes/iron_trapdoor",
        "oak_trapdoor": "super_trim:trims/color_palettes/oak_trapdoor",
        "spruce_trapdoor": "super_trim:trims/color_palettes/spruce_trapdoor",
        "birch_trapdoor": "super_trim:trims/color_palettes/birch_trapdoor",
        "jungle_trapdoor": "super_trim:trims/color_palettes/jungle_trapdoor",
        "acacia_trapdoor": "super_trim:trims/color_palettes/acacia_trapdoor",
        "dark_oak_trapdoor": "super_trim:trims/color_palettes/dark_oak_trapdoor",
        "mangrove_trapdoor": "super_trim:trims/color_palettes/mangrove_trapdoor",
        "crimson_trapdoor": "super_trim:trims/color_palettes/crimson_trapdoor",
        "warped_trapdoor": "super_trim:trims/color_palettes/warped_trapdoor",
        "oak_fence_gate": "super_trim:trims/color_palettes/oak_fence_gate",
        "spruce_fence_gate": "super_trim:trims/color_palettes/spruce_fence_gate",
        "birch_fence_gate": "super_trim:trims/color_palettes/birch_fence_gate",
        "jungle_fence_gate": "super_trim:trims/color_palettes/jungle_fence_gate",
        "acacia_fence_gate": "super_trim:trims/color_palettes/acacia_fence_gate",
        "dark_oak_fence_gate": "super_trim:trims/color_palettes/dark_oak_fence_gate",
        "mangrove_fence_gate": "super_trim:trims/color_palettes/mangrove_fence_gate",
        "crimson_fence_gate": "super_trim:trims/color_palettes/crimson_fence_gate",
        "warped_fence_gate": "super_trim:trims/color_palettes/warped_fence_gate",
        "powered_rail": "super_trim:trims/color_palettes/powered_rail",
        "detector_rail": "super_trim:trims/color_palettes/detector_rail",
        "rail": "super_trim:trims/color_palettes/rail",
        "activator_rail": "super_trim:trims/color_palettes/activator_rail",
        "saddle": "super_trim:trims/color_palettes/saddle",
        "minecart": "super_trim:trims/color_palettes/minecart",
        "chest_minecart": "super_trim:trims/color_palettes/chest_minecart",
        "furnace_minecart": "super_trim:trims/color_palettes/furnace_minecart",
        "tnt_minecart": "super_trim:trims/color_palettes/tnt_minecart",
        "hopper_minecart": "super_trim:trims/color_palettes/hopper_minecart",
        "carrot_on_a_stick": "super_trim:trims/color_palettes/carrot_on_a_stick",
        "warped_fungus_on_a_stick": "super_trim:trims/color_palettes/warped_fungus_on_a_stick",
        "elytra": "super_trim:trims/color_palettes/elytra",
        "oak_boat": "super_trim:trims/color_palettes/oak_boat",
        "oak_chest_boat": "super_trim:trims/color_palettes/oak_chest_boat",
        "spruce_boat": "super_trim:trims/color_palettes/spruce_boat",
        "spruce_chest_boat": "super_trim:trims/color_palettes/spruce_chest_boat",
        "birch_boat": "super_trim:trims/color_palettes/birch_boat",
        "birch_chest_boat": "super_trim:trims/color_palettes/birch_chest_boat",
        "jungle_boat": "super_trim:trims/color_palettes/jungle_boat",
        "jungle_chest_boat": "super_trim:trims/color_palettes/jungle_chest_boat",
        "acacia_boat": "super_trim:trims/color_palettes/acacia_boat",
        "acacia_chest_boat": "super_trim:trims/color_palettes/acacia_chest_boat",
        "dark_oak_boat": "super_trim:trims/color_palettes/dark_oak_boat",
        "dark_oak_chest_boat": "super_trim:trims/color_palettes/dark_oak_chest_boat",
        "mangrove_boat": "super_trim:trims/color_palettes/mangrove_boat",
        "mangrove_chest_boat": "super_trim:trims/color_palettes/mangrove_chest_boat",
        "structure_block": "super_trim:trims/color_palettes/structure_block",
        "jigsaw": "super_trim:trims/color_palettes/jigsaw",
        "turtle_helmet": "super_trim:trims/color_palettes/turtle_helmet",
        "scute": "super_trim:trims/color_palettes/scute",
        "flint_and_steel": "super_trim:trims/color_palettes/flint_and_steel",
        "apple": "super_trim:trims/color_palettes/apple",
        "bow": "super_trim:trims/color_palettes/bow",
        "arrow": "super_trim:trims/color_palettes/arrow",
        "coal": "super_trim:trims/color_palettes/coal",
        "charcoal": "super_trim:trims/color_palettes/charcoal",
        "raw_iron": "super_trim:trims/color_palettes/raw_iron",
        "raw_copper": "super_trim:trims/color_palettes/raw_copper",
        "raw_gold": "super_trim:trims/color_palettes/raw_gold",
        "netherite_scrap": "super_trim:trims/color_palettes/netherite_scrap",
        "wooden_sword": "super_trim:trims/color_palettes/wooden_sword",
        "wooden_shovel": "super_trim:trims/color_palettes/wooden_shovel",
        "wooden_pickaxe": "super_trim:trims/color_palettes/wooden_pickaxe",
        "wooden_axe": "super_trim:trims/color_palettes/wooden_axe",
        "wooden_hoe": "super_trim:trims/color_palettes/wooden_hoe",
        "stone_sword": "super_trim:trims/color_palettes/stone_sword",
        "stone_shovel": "super_trim:trims/color_palettes/stone_shovel",
        "stone_pickaxe": "super_trim:trims/color_palettes/stone_pickaxe",
        "stone_axe": "super_trim:trims/color_palettes/stone_axe",
        "stone_hoe": "super_trim:trims/color_palettes/stone_hoe",
        "golden_sword": "super_trim:trims/color_palettes/golden_sword",
        "golden_shovel": "super_trim:trims/color_palettes/golden_shovel",
        "golden_pickaxe": "super_trim:trims/color_palettes/golden_pickaxe",
        "golden_axe": "super_trim:trims/color_palettes/golden_axe",
        "golden_hoe": "super_trim:trims/color_palettes/golden_hoe",
        "iron_sword": "super_trim:trims/color_palettes/iron_sword",
        "iron_shovel": "super_trim:trims/color_palettes/iron_shovel",
        "iron_pickaxe": "super_trim:trims/color_palettes/iron_pickaxe",
        "iron_axe": "super_trim:trims/color_palettes/iron_axe",
        "iron_hoe": "super_trim:trims/color_palettes/iron_hoe",
        "diamond_sword": "super_trim:trims/color_palettes/diamond_sword",
        "diamond_shovel": "super_trim:trims/color_palettes/diamond_shovel",
        "diamond_pickaxe": "super_trim:trims/color_palettes/diamond_pickaxe",
        "diamond_axe": "super_trim:trims/color_palettes/diamond_axe",
        "diamond_hoe": "super_trim:trims/color_palettes/diamond_hoe",
        "netherite_sword": "super_trim:trims/color_palettes/netherite_sword",
        "netherite_shovel": "super_trim:trims/color_palettes/netherite_shovel",
        "netherite_pickaxe": "super_trim:trims/color_palettes/netherite_pickaxe",
        "netherite_axe": "super_trim:trims/color_palettes/netherite_axe",
        "netherite_hoe": "super_trim:trims/color_palettes/netherite_hoe",
        "stick": "super_trim:trims/color_palettes/stick",
        "bowl": "super_trim:trims/color_palettes/bowl",
        "mushroom_stew": "super_trim:trims/color_palettes/mushroom_stew",
        "string": "super_trim:trims/color_palettes/string",
        "feather": "super_trim:trims/color_palettes/feather",
        "gunpowder": "super_trim:trims/color_palettes/gunpowder",
        "wheat_seeds": "super_trim:trims/color_palettes/wheat_seeds",
        "wheat": "super_trim:trims/color_palettes/wheat",
        "bread": "super_trim:trims/color_palettes/bread",
        "leather_helmet": "super_trim:trims/color_palettes/leather_helmet",
        "leather_chestplate": "super_trim:trims/color_palettes/leather_chestplate",
        "leather_leggings": "super_trim:trims/color_palettes/leather_leggings",
        "leather_boots": "super_trim:trims/color_palettes/leather_boots",
        "chainmail_helmet": "super_trim:trims/color_palettes/chainmail_helmet",
        "chainmail_chestplate": "super_trim:trims/color_palettes/chainmail_chestplate",
        "chainmail_leggings": "super_trim:trims/color_palettes/chainmail_leggings",
        "chainmail_boots": "super_trim:trims/color_palettes/chainmail_boots",
        "iron_helmet": "super_trim:trims/color_palettes/iron_helmet",
        "iron_chestplate": "super_trim:trims/color_palettes/iron_chestplate",
        "iron_leggings": "super_trim:trims/color_palettes/iron_leggings",
        "iron_boots": "super_trim:trims/color_palettes/iron_boots",
        "diamond_helmet": "super_trim:trims/color_palettes/diamond_helmet",
        "diamond_chestplate": "super_trim:trims/color_palettes/diamond_chestplate",
        "diamond_leggings": "super_trim:trims/color_palettes/diamond_leggings",
        "diamond_boots": "super_trim:trims/color_palettes/diamond_boots",
        "golden_helmet": "super_trim:trims/color_palettes/golden_helmet",
        "golden_chestplate": "super_trim:trims/color_palettes/golden_chestplate",
        "golden_leggings": "super_trim:trims/color_palettes/golden_leggings",
        "golden_boots": "super_trim:trims/color_palettes/golden_boots",
        "netherite_helmet": "super_trim:trims/color_palettes/netherite_helmet",
        "netherite_chestplate": "super_trim:trims/color_palettes/netherite_chestplate",
        "netherite_leggings": "super_trim:trims/color_palettes/netherite_leggings",
        "netherite_boots": "super_trim:trims/color_palettes/netherite_boots",
        "flint": "super_trim:trims/color_palettes/flint",
        "porkchop": "super_trim:trims/color_palettes/porkchop",
        "cooked_porkchop": "super_trim:trims/color_palettes/cooked_porkchop",
        "painting": "super_trim:trims/color_palettes/painting",
        "golden_apple": "super_trim:trims/color_palettes/golden_apple",
        "enchanted_golden_apple": "super_trim:trims/color_palettes/enchanted_golden_apple",
        "oak_sign": "super_trim:trims/color_palettes/oak_sign",
        "spruce_sign": "super_trim:trims/color_palettes/spruce_sign",
        "birch_sign": "super_trim:trims/color_palettes/birch_sign",
        "jungle_sign": "super_trim:trims/color_palettes/jungle_sign",
        "acacia_sign": "super_trim:trims/color_palettes/acacia_sign",
        "dark_oak_sign": "super_trim:trims/color_palettes/dark_oak_sign",
        "mangrove_sign": "super_trim:trims/color_palettes/mangrove_sign",
        "crimson_sign": "super_trim:trims/color_palettes/crimson_sign",
        "warped_sign": "super_trim:trims/color_palettes/warped_sign",
        "bucket": "super_trim:trims/color_palettes/bucket",
        "water_bucket": "super_trim:trims/color_palettes/water_bucket",
        "lava_bucket": "super_trim:trims/color_palettes/lava_bucket",
        "powder_snow_bucket": "super_trim:trims/color_palettes/powder_snow_bucket",
        "snowball": "super_trim:trims/color_palettes/snowball",
        "leather": "super_trim:trims/color_palettes/leather",
        "milk_bucket": "super_trim:trims/color_palettes/milk_bucket",
        "pufferfish_bucket": "super_trim:trims/color_palettes/pufferfish_bucket",
        "salmon_bucket": "super_trim:trims/color_palettes/salmon_bucket",
        "cod_bucket": "super_trim:trims/color_palettes/cod_bucket",
        "tropical_fish_bucket": "super_trim:trims/color_palettes/tropical_fish_bucket",
        "axolotl_bucket": "super_trim:trims/color_palettes/axolotl_bucket",
        "tadpole_bucket": "super_trim:trims/color_palettes/tadpole_bucket",
        "brick": "super_trim:trims/color_palettes/brick",
        "clay_ball": "super_trim:trims/color_palettes/clay_ball",
        "dried_kelp_block": "super_trim:trims/color_palettes/dried_kelp_block",
        "paper": "super_trim:trims/color_palettes/paper",
        "book": "super_trim:trims/color_palettes/book",
        "slime_ball": "super_trim:trims/color_palettes/slime_ball",
        "egg": "super_trim:trims/color_palettes/egg",
        "compass": "super_trim:trims/color_palettes/compass",
        "recovery_compass": "super_trim:trims/color_palettes/recovery_compass",
        "bundle": "super_trim:trims/color_palettes/bundle",
        "fishing_rod": "super_trim:trims/color_palettes/fishing_rod",
        "clock": "super_trim:trims/color_palettes/clock",
        "spyglass": "super_trim:trims/color_palettes/spyglass",
        "glowstone_dust": "super_trim:trims/color_palettes/glowstone_dust",
        "cod": "super_trim:trims/color_palettes/cod",
        "salmon": "super_trim:trims/color_palettes/salmon",
        "tropical_fish": "super_trim:trims/color_palettes/tropical_fish",
        "pufferfish": "super_trim:trims/color_palettes/pufferfish",
        "cooked_cod": "super_trim:trims/color_palettes/cooked_cod",
        "cooked_salmon": "super_trim:trims/color_palettes/cooked_salmon",
        "ink_sac": "super_trim:trims/color_palettes/ink_sac",
        "glow_ink_sac": "super_trim:trims/color_palettes/glow_ink_sac",
        "cocoa_beans": "super_trim:trims/color_palettes/cocoa_beans",
        "white_dye": "super_trim:trims/color_palettes/white_dye",
        "orange_dye": "super_trim:trims/color_palettes/orange_dye",
        "magenta_dye": "super_trim:trims/color_palettes/magenta_dye",
        "light_blue_dye": "super_trim:trims/color_palettes/light_blue_dye",
        "yellow_dye": "super_trim:trims/color_palettes/yellow_dye",
        "lime_dye": "super_trim:trims/color_palettes/lime_dye",
        "pink_dye": "super_trim:trims/color_palettes/pink_dye",
        "gray_dye": "super_trim:trims/color_palettes/gray_dye",
        "light_gray_dye": "super_trim:trims/color_palettes/light_gray_dye",
        "cyan_dye": "super_trim:trims/color_palettes/cyan_dye",
        "purple_dye": "super_trim:trims/color_palettes/purple_dye",
        "blue_dye": "super_trim:trims/color_palettes/blue_dye",
        "brown_dye": "super_trim:trims/color_palettes/brown_dye",
        "green_dye": "super_trim:trims/color_palettes/green_dye",
        "red_dye": "super_trim:trims/color_palettes/red_dye",
        "black_dye": "super_trim:trims/color_palettes/black_dye",
        "bone_meal": "super_trim:trims/color_palettes/bone_meal",
        "bone": "super_trim:trims/color_palettes/bone",
        "sugar": "super_trim:trims/color_palettes/sugar",
        "cake": "super_trim:trims/color_palettes/cake",
        "white_bed": "super_trim:trims/color_palettes/white_bed",
        "orange_bed": "super_trim:trims/color_palettes/orange_bed",
        "magenta_bed": "super_trim:trims/color_palettes/magenta_bed",
        "light_blue_bed": "super_trim:trims/color_palettes/light_blue_bed",
        "yellow_bed": "super_trim:trims/color_palettes/yellow_bed",
        "lime_bed": "super_trim:trims/color_palettes/lime_bed",
        "pink_bed": "super_trim:trims/color_palettes/pink_bed",
        "gray_bed": "super_trim:trims/color_palettes/gray_bed",
        "light_gray_bed": "super_trim:trims/color_palettes/light_gray_bed",
        "cyan_bed": "super_trim:trims/color_palettes/cyan_bed",
        "purple_bed": "super_trim:trims/color_palettes/purple_bed",
        "blue_bed": "super_trim:trims/color_palettes/blue_bed",
        "brown_bed": "super_trim:trims/color_palettes/brown_bed",
        "green_bed": "super_trim:trims/color_palettes/green_bed",
        "red_bed": "super_trim:trims/color_palettes/red_bed",
        "black_bed": "super_trim:trims/color_palettes/black_bed",
        "cookie": "super_trim:trims/color_palettes/cookie",
        "filled_map": "super_trim:trims/color_palettes/filled_map",
        "shears": "super_trim:trims/color_palettes/shears",
        "melon_slice": "super_trim:trims/color_palettes/melon_slice",
        "dried_kelp": "super_trim:trims/color_palettes/dried_kelp",
        "pumpkin_seeds": "super_trim:trims/color_palettes/pumpkin_seeds",
        "melon_seeds": "super_trim:trims/color_palettes/melon_seeds",
        "beef": "super_trim:trims/color_palettes/beef",
        "cooked_beef": "super_trim:trims/color_palettes/cooked_beef",
        "chicken": "super_trim:trims/color_palettes/chicken",
        "cooked_chicken": "super_trim:trims/color_palettes/cooked_chicken",
        "rotten_flesh": "super_trim:trims/color_palettes/rotten_flesh",
        "ender_pearl": "super_trim:trims/color_palettes/ender_pearl",
        "blaze_rod": "super_trim:trims/color_palettes/blaze_rod",
        "ghast_tear": "super_trim:trims/color_palettes/ghast_tear",
        "gold_nugget": "super_trim:trims/color_palettes/gold_nugget",
        "nether_wart": "super_trim:trims/color_palettes/nether_wart",
        "potion": "super_trim:trims/color_palettes/potion",
        "glass_bottle": "super_trim:trims/color_palettes/glass_bottle",
        "spider_eye": "super_trim:trims/color_palettes/spider_eye",
        "fermented_spider_eye": "super_trim:trims/color_palettes/fermented_spider_eye",
        "blaze_powder": "super_trim:trims/color_palettes/blaze_powder",
        "magma_cream": "super_trim:trims/color_palettes/magma_cream",
        "brewing_stand": "super_trim:trims/color_palettes/brewing_stand",
        "cauldron": "super_trim:trims/color_palettes/cauldron",
        "ender_eye": "super_trim:trims/color_palettes/ender_eye",
        "glistering_melon_slice": "super_trim:trims/color_palettes/glistering_melon_slice",
        "allay_spawn_egg": "super_trim:trims/color_palettes/allay_spawn_egg",
        "axolotl_spawn_egg": "super_trim:trims/color_palettes/axolotl_spawn_egg",
        "bat_spawn_egg": "super_trim:trims/color_palettes/bat_spawn_egg",
        "bee_spawn_egg": "super_trim:trims/color_palettes/bee_spawn_egg",
        "blaze_spawn_egg": "super_trim:trims/color_palettes/blaze_spawn_egg",
        "cat_spawn_egg": "super_trim:trims/color_palettes/cat_spawn_egg",
        "cave_spider_spawn_egg": "super_trim:trims/color_palettes/cave_spider_spawn_egg",
        "chicken_spawn_egg": "super_trim:trims/color_palettes/chicken_spawn_egg",
        "cod_spawn_egg": "super_trim:trims/color_palettes/cod_spawn_egg",
        "cow_spawn_egg": "super_trim:trims/color_palettes/cow_spawn_egg",
        "creeper_spawn_egg": "super_trim:trims/color_palettes/creeper_spawn_egg",
        "dolphin_spawn_egg": "super_trim:trims/color_palettes/dolphin_spawn_egg",
        "donkey_spawn_egg": "super_trim:trims/color_palettes/donkey_spawn_egg",
        "drowned_spawn_egg": "super_trim:trims/color_palettes/drowned_spawn_egg",
        "elder_guardian_spawn_egg": "super_trim:trims/color_palettes/elder_guardian_spawn_egg",
        "enderman_spawn_egg": "super_trim:trims/color_palettes/enderman_spawn_egg",
        "endermite_spawn_egg": "super_trim:trims/color_palettes/endermite_spawn_egg",
        "evoker_spawn_egg": "super_trim:trims/color_palettes/evoker_spawn_egg",
        "fox_spawn_egg": "super_trim:trims/color_palettes/fox_spawn_egg",
        "frog_spawn_egg": "super_trim:trims/color_palettes/frog_spawn_egg",
        "ghast_spawn_egg": "super_trim:trims/color_palettes/ghast_spawn_egg",
        "glow_squid_spawn_egg": "super_trim:trims/color_palettes/glow_squid_spawn_egg",
        "goat_spawn_egg": "super_trim:trims/color_palettes/goat_spawn_egg",
        "guardian_spawn_egg": "super_trim:trims/color_palettes/guardian_spawn_egg",
        "hoglin_spawn_egg": "super_trim:trims/color_palettes/hoglin_spawn_egg",
        "horse_spawn_egg": "super_trim:trims/color_palettes/horse_spawn_egg",
        "husk_spawn_egg": "super_trim:trims/color_palettes/husk_spawn_egg",
        "llama_spawn_egg": "super_trim:trims/color_palettes/llama_spawn_egg",
        "magma_cube_spawn_egg": "super_trim:trims/color_palettes/magma_cube_spawn_egg",
        "mooshroom_spawn_egg": "super_trim:trims/color_palettes/mooshroom_spawn_egg",
        "mule_spawn_egg": "super_trim:trims/color_palettes/mule_spawn_egg",
        "ocelot_spawn_egg": "super_trim:trims/color_palettes/ocelot_spawn_egg",
        "panda_spawn_egg": "super_trim:trims/color_palettes/panda_spawn_egg",
        "parrot_spawn_egg": "super_trim:trims/color_palettes/parrot_spawn_egg",
        "phantom_spawn_egg": "super_trim:trims/color_palettes/phantom_spawn_egg",
        "pig_spawn_egg": "super_trim:trims/color_palettes/pig_spawn_egg",
        "piglin_spawn_egg": "super_trim:trims/color_palettes/piglin_spawn_egg",
        "piglin_brute_spawn_egg": "super_trim:trims/color_palettes/piglin_brute_spawn_egg",
        "pillager_spawn_egg": "super_trim:trims/color_palettes/pillager_spawn_egg",
        "polar_bear_spawn_egg": "super_trim:trims/color_palettes/polar_bear_spawn_egg",
        "pufferfish_spawn_egg": "super_trim:trims/color_palettes/pufferfish_spawn_egg",
        "rabbit_spawn_egg": "super_trim:trims/color_palettes/rabbit_spawn_egg",
        "ravager_spawn_egg": "super_trim:trims/color_palettes/ravager_spawn_egg",
        "salmon_spawn_egg": "super_trim:trims/color_palettes/salmon_spawn_egg",
        "sheep_spawn_egg": "super_trim:trims/color_palettes/sheep_spawn_egg",
        "shulker_spawn_egg": "super_trim:trims/color_palettes/shulker_spawn_egg",
        "silverfish_spawn_egg": "super_trim:trims/color_palettes/silverfish_spawn_egg",
        "skeleton_spawn_egg": "super_trim:trims/color_palettes/skeleton_spawn_egg",
        "skeleton_horse_spawn_egg": "super_trim:trims/color_palettes/skeleton_horse_spawn_egg",
        "slime_spawn_egg": "super_trim:trims/color_palettes/slime_spawn_egg",
        "spider_spawn_egg": "super_trim:trims/color_palettes/spider_spawn_egg",
        "squid_spawn_egg": "super_trim:trims/color_palettes/squid_spawn_egg",
        "stray_spawn_egg": "super_trim:trims/color_palettes/stray_spawn_egg",
        "strider_spawn_egg": "super_trim:trims/color_palettes/strider_spawn_egg",
        "tadpole_spawn_egg": "super_trim:trims/color_palettes/tadpole_spawn_egg",
        "trader_llama_spawn_egg": "super_trim:trims/color_palettes/trader_llama_spawn_egg",
        "tropical_fish_spawn_egg": "super_trim:trims/color_palettes/tropical_fish_spawn_egg",
        "turtle_spawn_egg": "super_trim:trims/color_palettes/turtle_spawn_egg",
        "vex_spawn_egg": "super_trim:trims/color_palettes/vex_spawn_egg",
        "villager_spawn_egg": "super_trim:trims/color_palettes/villager_spawn_egg",
        "vindicator_spawn_egg": "super_trim:trims/color_palettes/vindicator_spawn_egg",
        "wandering_trader_spawn_egg": "super_trim:trims/color_palettes/wandering_trader_spawn_egg",
        "warden_spawn_egg": "super_trim:trims/color_palettes/warden_spawn_egg",
        "witch_spawn_egg": "super_trim:trims/color_palettes/witch_spawn_egg",
        "wither_skeleton_spawn_egg": "super_trim:trims/color_palettes/wither_skeleton_spawn_egg",
        "wolf_spawn_egg": "super_trim:trims/color_palettes/wolf_spawn_egg",
        "zoglin_spawn_egg": "super_trim:trims/color_palettes/zoglin_spawn_egg",
        "zombie_spawn_egg": "super_trim:trims/color_palettes/zombie_spawn_egg",
        "zombie_horse_spawn_egg": "super_trim:trims/color_palettes/zombie_horse_spawn_egg",
        "zombie_villager_spawn_egg": "super_trim:trims/color_palettes/zombie_villager_spawn_egg",
        "zombified_piglin_spawn_egg": "super_trim:trims/color_palettes/zombified_piglin_spawn_egg",
        "experience_bottle": "super_trim:trims/color_palettes/experience_bottle",
        "fire_charge": "super_trim:trims/color_palettes/fire_charge",
        "writable_book": "super_trim:trims/color_palettes/writable_book",
        "written_book": "super_trim:trims/color_palettes/written_book",
        "item_frame": "super_trim:trims/color_palettes/item_frame",
        "glow_item_frame": "super_trim:trims/color_palettes/glow_item_frame",
        "flower_pot": "super_trim:trims/color_palettes/flower_pot",
        "carrot": "super_trim:trims/color_palettes/carrot",
        "potato": "super_trim:trims/color_palettes/potato",
        "baked_potato": "super_trim:trims/color_palettes/baked_potato",
        "poisonous_potato": "super_trim:trims/color_palettes/poisonous_potato",
        "map": "super_trim:trims/color_palettes/map",
        "golden_carrot": "super_trim:trims/color_palettes/golden_carrot",
        "skeleton_skull": "super_trim:trims/color_palettes/skeleton_skull",
        "wither_skeleton_skull": "super_trim:trims/color_palettes/wither_skeleton_skull",
        "player_head": "super_trim:trims/color_palettes/player_head",
        "zombie_head": "super_trim:trims/color_palettes/zombie_head",
        "creeper_head": "super_trim:trims/color_palettes/creeper_head",
        "dragon_head": "super_trim:trims/color_palettes/dragon_head",
        "nether_star": "super_trim:trims/color_palettes/nether_star",
        "pumpkin_pie": "super_trim:trims/color_palettes/pumpkin_pie",
        "firework_rocket": "super_trim:trims/color_palettes/firework_rocket",
        "firework_star": "super_trim:trims/color_palettes/firework_star",
        "enchanted_book": "super_trim:trims/color_palettes/enchanted_book",
        "nether_brick": "super_trim:trims/color_palettes/nether_brick",
        "prismarine_shard": "super_trim:trims/color_palettes/prismarine_shard",
        "prismarine_crystals": "super_trim:trims/color_palettes/prismarine_crystals",
        "rabbit": "super_trim:trims/color_palettes/rabbit",
        "cooked_rabbit": "super_trim:trims/color_palettes/cooked_rabbit",
        "rabbit_stew": "super_trim:trims/color_palettes/rabbit_stew",
        "rabbit_foot": "super_trim:trims/color_palettes/rabbit_foot",
        "rabbit_hide": "super_trim:trims/color_palettes/rabbit_hide",
        "armor_stand": "super_trim:trims/color_palettes/armor_stand",
        "iron_horse_armor": "super_trim:trims/color_palettes/iron_horse_armor",
        "golden_horse_armor": "super_trim:trims/color_palettes/golden_horse_armor",
        "diamond_horse_armor": "super_trim:trims/color_palettes/diamond_horse_armor",
        "leather_horse_armor": "super_trim:trims/color_palettes/leather_horse_armor",
        "lead": "super_trim:trims/color_palettes/lead",
        "name_tag": "super_trim:trims/color_palettes/name_tag",
        "command_block_minecart": "super_trim:trims/color_palettes/command_block_minecart",
        "mutton": "super_trim:trims/color_palettes/mutton",
        "cooked_mutton": "super_trim:trims/color_palettes/cooked_mutton",
        "white_banner": "super_trim:trims/color_palettes/white_banner",
        "orange_banner": "super_trim:trims/color_palettes/orange_banner",
        "magenta_banner": "super_trim:trims/color_palettes/magenta_banner",
        "light_blue_banner": "super_trim:trims/color_palettes/light_blue_banner",
        "yellow_banner": "super_trim:trims/color_palettes/yellow_banner",
        "lime_banner": "super_trim:trims/color_palettes/lime_banner",
        "pink_banner": "super_trim:trims/color_palettes/pink_banner",
        "gray_banner": "super_trim:trims/color_palettes/gray_banner",
        "light_gray_banner": "super_trim:trims/color_palettes/light_gray_banner",
        "cyan_banner": "super_trim:trims/color_palettes/cyan_banner",
        "purple_banner": "super_trim:trims/color_palettes/purple_banner",
        "blue_banner": "super_trim:trims/color_palettes/blue_banner",
        "brown_banner": "super_trim:trims/color_palettes/brown_banner",
        "green_banner": "super_trim:trims/color_palettes/green_banner",
        "red_banner": "super_trim:trims/color_palettes/red_banner",
        "black_banner": "super_trim:trims/color_palettes/black_banner",
        "end_crystal": "super_trim:trims/color_palettes/end_crystal",
        "chorus_fruit": "super_trim:trims/color_palettes/chorus_fruit",
        "popped_chorus_fruit": "super_trim:trims/color_palettes/popped_chorus_fruit",
        "beetroot": "super_trim:trims/color_palettes/beetroot",
        "beetroot_seeds": "super_trim:trims/color_palettes/beetroot_seeds",
        "beetroot_soup": "super_trim:trims/color_palettes/beetroot_soup",
        "dragon_breath": "super_trim:trims/color_palettes/dragon_breath",
        "splash_potion": "super_trim:trims/color_palettes/splash_potion",
        "spectral_arrow": "super_trim:trims/color_palettes/spectral_arrow",
        "tipped_arrow": "super_trim:trims/color_palettes/tipped_arrow",
        "lingering_potion": "super_trim:trims/color_palettes/lingering_potion",
        "shield": "super_trim:trims/color_palettes/shield",
        "totem_of_undying": "super_trim:trims/color_palettes/totem_of_undying",
        "shulker_shell": "super_trim:trims/color_palettes/shulker_shell",
        "iron_nugget": "super_trim:trims/color_palettes/iron_nugget",
        "knowledge_book": "super_trim:trims/color_palettes/knowledge_book",
        "debug_stick": "super_trim:trims/color_palettes/debug_stick",
        "music_disc_13": "super_trim:trims/color_palettes/music_disc_13",
        "music_disc_cat": "super_trim:trims/color_palettes/music_disc_cat",
        "music_disc_blocks": "super_trim:trims/color_palettes/music_disc_blocks",
        "music_disc_chirp": "super_trim:trims/color_palettes/music_disc_chirp",
        "music_disc_far": "super_trim:trims/color_palettes/music_disc_far",
        "music_disc_mall": "super_trim:trims/color_palettes/music_disc_mall",
        "music_disc_mellohi": "super_trim:trims/color_palettes/music_disc_mellohi",
        "music_disc_stal": "super_trim:trims/color_palettes/music_disc_stal",
        "music_disc_strad": "super_trim:trims/color_palettes/music_disc_strad",
        "music_disc_ward": "super_trim:trims/color_palettes/music_disc_ward",
        "music_disc_11": "super_trim:trims/color_palettes/music_disc_11",
        "music_disc_wait": "super_trim:trims/color_palettes/music_disc_wait",
        "music_disc_otherside": "super_trim:trims/color_palettes/music_disc_otherside",
        "music_disc_5": "super_trim:trims/color_palettes/music_disc_5",
        "music_disc_pigstep": "super_trim:trims/color_palettes/music_disc_pigstep",
        "disc_fragment_5": "super_trim:trims/color_palettes/disc_fragment_5",
        "trident": "super_trim:trims/color_palettes/trident",
        "phantom_membrane": "super_trim:trims/color_palettes/phantom_membrane",
        "nautilus_shell": "super_trim:trims/color_palettes/nautilus_shell",
        "heart_of_the_sea": "super_trim:trims/color_palettes/heart_of_the_sea",
        "crossbow": "super_trim:trims/color_palettes/crossbow",
        "suspicious_stew": "super_trim:trims/color_palettes/suspicious_stew",
        "loom": "super_trim:trims/color_palettes/loom",
        "flower_banner_pattern": "super_trim:trims/color_palettes/flower_banner_pattern",
        "creeper_banner_pattern": "super_trim:trims/color_palettes/creeper_banner_pattern",
        "skull_banner_pattern": "super_trim:trims/color_palettes/skull_banner_pattern",
        "mojang_banner_pattern": "super_trim:trims/color_palettes/mojang_banner_pattern",
        "globe_banner_pattern": "super_trim:trims/color_palettes/globe_banner_pattern",
        "piglin_banner_pattern": "super_trim:trims/color_palettes/piglin_banner_pattern",
        "goat_horn": "super_trim:trims/color_palettes/goat_horn",
        "composter": "super_trim:trims/color_palettes/composter",
        "barrel": "super_trim:trims/color_palettes/barrel",
        "smoker": "super_trim:trims/color_palettes/smoker",
        "blast_furnace": "super_trim:trims/color_palettes/blast_furnace",
        "cartography_table": "super_trim:trims/color_palettes/cartography_table",
        "fletching_table": "super_trim:trims/color_palettes/fletching_table",
        "grindstone": "super_trim:trims/color_palettes/grindstone",
        "smithing_table": "super_trim:trims/color_palettes/smithing_table",
        "stonecutter": "super_trim:trims/color_palettes/stonecutter",
        "bell": "super_trim:trims/color_palettes/bell",
        "lantern": "super_trim:trims/color_palettes/lantern",
        "soul_lantern": "super_trim:trims/color_palettes/soul_lantern",
        "sweet_berries": "super_trim:trims/color_palettes/sweet_berries",
        "glow_berries": "super_trim:trims/color_palettes/glow_berries",
        "campfire": "super_trim:trims/color_palettes/campfire",
        "soul_campfire": "super_trim:trims/color_palettes/soul_campfire",
        "shroomlight": "super_trim:trims/color_palettes/shroomlight",
        "honeycomb": "super_trim:trims/color_palettes/honeycomb",
        "bee_nest": "super_trim:trims/color_palettes/bee_nest",
        "beehive": "super_trim:trims/color_palettes/beehive",
        "honey_bottle": "super_trim:trims/color_palettes/honey_bottle",
        "honeycomb_block": "super_trim:trims/color_palettes/honeycomb_block",
        "lodestone": "super_trim:trims/color_palettes/lodestone",
        "crying_obsidian": "super_trim:trims/color_palettes/crying_obsidian",
        "blackstone": "super_trim:trims/color_palettes/blackstone",
        "blackstone_slab": "super_trim:trims/color_palettes/blackstone_slab",
        "blackstone_stairs": "super_trim:trims/color_palettes/blackstone_stairs",
        "gilded_blackstone": "super_trim:trims/color_palettes/gilded_blackstone",
        "polished_blackstone": "super_trim:trims/color_palettes/polished_blackstone",
        "polished_blackstone_slab": "super_trim:trims/color_palettes/polished_blackstone_slab",
        "polished_blackstone_stairs": "super_trim:trims/color_palettes/polished_blackstone_stairs",
        "chiseled_polished_blackstone": "super_trim:trims/color_palettes/chiseled_polished_blackstone",
        "polished_blackstone_bricks": "super_trim:trims/color_palettes/polished_blackstone_bricks",
        "polished_blackstone_brick_slab": "super_trim:trims/color_palettes/polished_blackstone_brick_slab",
        "polished_blackstone_brick_stairs": "super_trim:trims/color_palettes/polished_blackstone_brick_stairs",
        "cracked_polished_blackstone_bricks": "super_trim:trims/color_palettes/cracked_polished_blackstone_bricks",
        "respawn_anchor": "super_trim:trims/color_palettes/respawn_anchor",
        "candle": "super_trim:trims/color_palettes/candle",
        "white_candle": "super_trim:trims/color_palettes/white_candle",
        "orange_candle": "super_trim:trims/color_palettes/orange_candle",
        "magenta_candle": "super_trim:trims/color_palettes/magenta_candle",
        "light_blue_candle": "super_trim:trims/color_palettes/light_blue_candle",
        "yellow_candle": "super_trim:trims/color_palettes/yellow_candle",
        "lime_candle": "super_trim:trims/color_palettes/lime_candle",
        "pink_candle": "super_trim:trims/color_palettes/pink_candle",
        "gray_candle": "super_trim:trims/color_palettes/gray_candle",
        "light_gray_candle": "super_trim:trims/color_palettes/light_gray_candle",
        "cyan_candle": "super_trim:trims/color_palettes/cyan_candle",
        "purple_candle": "super_trim:trims/color_palettes/purple_candle",
        "blue_candle": "super_trim:trims/color_palettes/blue_candle",
        "brown_candle": "super_trim:trims/color_palettes/brown_candle",
        "green_candle": "super_trim:trims/color_palettes/green_candle",
        "red_candle": "super_trim:trims/color_palettes/red_candle",
        "black_candle": "super_trim:trims/color_palettes/black_candle",
        "small_amethyst_bud": "super_trim:trims/color_palettes/small_amethyst_bud",
        "medium_amethyst_bud": "super_trim:trims/color_palettes/medium_amethyst_bud",
        "large_amethyst_bud": "super_trim:trims/color_palettes/large_amethyst_bud",
        "amethyst_cluster": "super_trim:trims/color_palettes/amethyst_cluster",
        "pointed_dripstone": "super_trim:trims/color_palettes/pointed_dripstone",
        "ochre_froglight": "super_trim:trims/color_palettes/ochre_froglight",
        "verdant_froglight": "super_trim:trims/color_palettes/verdant_froglight",
        "pearlescent_froglight": "super_trim:trims/color_palettes/pearlescent_froglight",
        "frogspawn": "super_trim:trims/color_palettes/frogspawn",
        "echo_shard": "super_trim:trims/color_palettes/echo_shard",
        "ender_dragon_spawn_egg": "super_trim:trims/color_palettes/ender_dragon_spawn_egg",
        "iron_golem_spawn_egg": "super_trim:trims/color_palettes/iron_golem_spawn_egg",
        "snow_golem_spawn_egg": "super_trim:trims/color_palettes/snow_golem_spawn_egg",
        "wither_spawn_egg": "super_trim:trims/color_palettes/wither_spawn_egg",
        "camel_spawn_egg": "super_trim:trims/color_palettes/camel_spawn_egg",
        "bamboo_mosaic": "super_trim:trims/color_palettes/bamboo_mosaic",
        "bamboo_block": "super_trim:trims/color_palettes/bamboo_block",
        "stripped_bamboo_block": "super_trim:trims/color_palettes/stripped_bamboo_block",
        "bamboo_button": "super_trim:trims/color_palettes/bamboo_button",
        "bamboo_door": "super_trim:trims/color_palettes/bamboo_door",
        "bamboo_fence": "super_trim:trims/color_palettes/bamboo_fence",
        "bamboo_fence_gate": "super_trim:trims/color_palettes/bamboo_fence_gate",
        "bamboo_planks": "super_trim:trims/color_palettes/bamboo_planks",
        "bamboo_pressure_plate": "super_trim:trims/color_palettes/bamboo_pressure_plate",
        "bamboo_sign": "super_trim:trims/color_palettes/bamboo_sign",
        "bamboo_slab": "super_trim:trims/color_palettes/bamboo_slab",
        "bamboo_stairs": "super_trim:trims/color_palettes/bamboo_stairs",
        "bamboo_mosaic_slab": "super_trim:trims/color_palettes/bamboo_mosaic_slab",
        "bamboo_mosaic_stairs": "super_trim:trims/color_palettes/bamboo_mosaic_stairs",
        "bamboo_trapdoor": "super_trim:trims/color_palettes/bamboo_trapdoor",
        "chiseled_bookshelf": "super_trim:trims/color_palettes/chiseled_bookshelf",
        "oak_hanging_sign": "super_trim:trims/color_palettes/oak_hanging_sign",
        "spruce_hanging_sign": "super_trim:trims/color_palettes/spruce_hanging_sign",
        "birch_hanging_sign": "super_trim:trims/color_palettes/birch_hanging_sign",
        "jungle_hanging_sign": "super_trim:trims/color_palettes/jungle_hanging_sign",
        "acacia_hanging_sign": "super_trim:trims/color_palettes/acacia_hanging_sign",
        "dark_oak_hanging_sign": "super_trim:trims/color_palettes/dark_oak_hanging_sign",
        "mangrove_hanging_sign": "super_trim:trims/color_palettes/mangrove_hanging_sign",
        "crimson_hanging_sign": "super_trim:trims/color_palettes/crimson_hanging_sign",
        "warped_hanging_sign": "super_trim:trims/color_palettes/warped_hanging_sign",
        "bamboo_hanging_sign": "super_trim:trims/color_palettes/bamboo_hanging_sign",
        "piglin_head": "super_trim:trims/color_palettes/piglin_head",
        "bamboo_raft": "super_trim:trims/color_palettes/bamboo_raft",
        "bamboo_chest_raft": "super_trim:trims/color_palettes/bamboo_chest_raft",
        "netherite_upgrade_smithing_template": "super_trim:trims/color_palettes/netherite_upgrade_smithing_template",
        "sentry_armor_trim_smithing_template": "super_trim:trims/color_palettes/sentry_armor_trim_smithing_template",
        "dune_armor_trim_smithing_template": "super_trim:trims/color_palettes/dune_armor_trim_smithing_template",
        "coast_armor_trim_smithing_template": "super_trim:trims/color_palettes/coast_armor_trim_smithing_template",
        "wild_armor_trim_smithing_template": "super_trim:trims/color_palettes/wild_armor_trim_smithing_template",
        "ward_armor_trim_smithing_template": "super_trim:trims/color_palettes/ward_armor_trim_smithing_template",
        "eye_armor_trim_smithing_template": "super_trim:trims/color_palettes/eye_armor_trim_smithing_template",
        "vex_armor_trim_smithing_template": "super_trim:trims/color_palettes/vex_armor_trim_smithing_template",
        "tide_armor_trim_smithing_template": "super_trim:trims/color_palettes/tide_armor_trim_smithing_template",
        "snout_armor_trim_smithing_template": "super_trim:trims/color_palettes/snout_armor_trim_smithing_template",
        "rib_armor_trim_smithing_template": "super_trim:trims/color_palettes/rib_armor_trim_smithing_template",
        "spire_armor_trim_smithing_template": "super_trim:trims/color_palettes/spire_armor_trim_smithing_template"
      }
    }
  ]
}